Date;Time;Global_active_power;Global_reactive_power;Voltage;Global_intensity;Sub_metering_1;Sub_metering_2;Sub_metering_3
31/3/2008;13:24:00;0.334;0.122;244.750;1.400;0.000;0.000;0.000
31/3/2008;13:25:00;0.422;0.230;244.810;2.000;0.000;0.000;0.000
31/3/2008;13:26:00;0.408;0.232;245.290;1.800;0.000;0.000;0.000
31/3/2008;13:27:00;0.406;0.234;245.710;1.800;0.000;0.000;0.000
31/3/2008;13:28:00;0.406;0.234;245.730;1.800;0.000;0.000;0.000
31/3/2008;13:29:00;0.402;0.234;245.740;1.800;0.000;0.000;0.000
31/3/2008;13:30:00;0.402;0.234;245.740;1.800;0.000;0.000;0.000
31/3/2008;13:31:00;0.400;0.234;245.700;1.800;0.000;0.000;0.000
31/3/2008;13:32:00;0.396;0.232;245.150;1.800;0.000;0.000;0.000
31/3/2008;13:33:00;0.398;0.238;246.200;1.800;0.000;0.000;0.000
31/3/2008;13:34:00;0.328;0.132;246.080;1.400;0.000;0.000;0.000
31/3/2008;13:35:00;0.300;0.094;245.650;1.200;0.000;0.000;0.000
31/3/2008;13:36:00;0.232;0.000;246.390;1.000;0.000;0.000;0.000
31/3/2008;13:37:00;0.230;0.000;245.790;1.000;0.000;0.000;0.000
31/3/2008;13:38:00;0.230;0.000;245.870;1.000;0.000;0.000;0.000
31/3/2008;13:39:00;0.230;0.000;245.760;1.000;0.000;0.000;0.000
31/3/2008;13:40:00;0.228;0.000;245.180;1.000;0.000;0.000;0.000
31/3/2008;13:41:00;0.228;0.000;245.090;1.000;0.000;0.000;0.000
31/3/2008;13:42:00;0.228;0.000;245.290;1.000;0.000;0.000;0.000
31/3/2008;13:43:00;0.232;0.000;244.550;1.000;0.000;0.000;0.000
31/3/2008;13:44:00;0.236;0.000;244.820;1.000;0.000;0.000;0.000
31/3/2008;13:45:00;0.234;0.000;244.310;1.000;0.000;0.000;0.000
31/3/2008;13:46:00;0.236;0.000;245.040;1.000;0.000;0.000;0.000
31/3/2008;13:47:00;0.234;0.000;246.090;1.000;0.000;0.000;0.000
31/3/2008;13:48:00;0.230;0.000;246.000;1.000;0.000;0.000;0.000
31/3/2008;13:49:00;0.230;0.000;245.580;1.000;0.000;0.000;0.000
31/3/2008;13:50:00;0.230;0.000;246.160;1.000;0.000;0.000;0.000
31/3/2008;13:51:00;0.230;0.000;245.830;1.000;0.000;0.000;0.000
31/3/2008;13:52:00;0.230;0.000;245.490;1.000;0.000;0.000;0.000
31/3/2008;13:53:00;0.230;0.000;245.580;1.000;0.000;0.000;0.000
31/3/2008;13:54:00;0.230;0.000;245.800;1.000;0.000;0.000;0.000
31/3/2008;13:55:00;0.230;0.000;245.520;1.000;0.000;0.000;0.000
31/3/2008;13:56:00;0.230;0.000;245.350;1.000;0.000;0.000;0.000
31/3/2008;13:57:00;0.228;0.000;244.590;1.000;0.000;0.000;0.000
31/3/2008;13:58:00;0.236;0.000;246.710;1.000;0.000;0.000;0.000
31/3/2008;13:59:00;0.240;0.000;247.540;1.000;0.000;0.000;0.000
31/3/2008;14:00:00;0.240;0.000;247.700;1.000;0.000;0.000;0.000
31/3/2008;14:01:00;0.240;0.000;247.950;1.000;0.000;0.000;0.000
31/3/2008;14:02:00;0.240;0.000;247.870;1.000;0.000;0.000;0.000
31/3/2008;14:03:00;0.240;0.000;247.720;1.000;0.000;0.000;0.000
31/3/2008;14:04:00;0.240;0.000;247.220;1.000;0.000;0.000;0.000
31/3/2008;14:05:00;0.234;0.000;247.950;1.000;0.000;0.000;0.000
31/3/2008;14:06:00;0.232;0.000;247.530;1.000;0.000;0.000;0.000
31/3/2008;14:07:00;0.232;0.000;246.990;1.000;0.000;0.000;0.000
31/3/2008;14:08:00;0.234;0.000;247.870;1.000;0.000;0.000;0.000
31/3/2008;14:09:00;0.338;0.096;247.120;1.600;0.000;0.000;0.000
31/3/2008;14:10:00;0.422;0.242;246.690;2.000;0.000;0.000;0.000
31/3/2008;14:11:00;0.418;0.240;246.380;2.000;0.000;0.000;0.000
31/3/2008;14:12:00;0.416;0.236;245.870;1.800;0.000;0.000;0.000
31/3/2008;14:13:00;0.420;0.240;246.310;2.000;0.000;0.000;0.000
31/3/2008;14:14:00;0.420;0.238;246.160;2.000;0.000;0.000;0.000
31/3/2008;14:15:00;0.416;0.236;245.780;1.800;0.000;0.000;0.000
31/3/2008;14:16:00;0.414;0.238;245.930;1.800;0.000;0.000;0.000
31/3/2008;14:17:00;0.412;0.240;246.600;1.800;0.000;0.000;0.000
31/3/2008;14:18:00;0.414;0.244;247.190;1.800;0.000;0.000;0.000
31/3/2008;14:19:00;0.412;0.248;247.740;1.800;0.000;0.000;0.000
31/3/2008;14:20:00;0.338;0.142;247.420;1.400;0.000;0.000;0.000
31/3/2008;14:21:00;0.330;0.128;246.110;1.400;0.000;0.000;0.000
31/3/2008;14:22:00;0.328;0.126;245.500;1.400;0.000;0.000;0.000
31/3/2008;14:23:00;0.328;0.128;246.070;1.400;0.000;0.000;0.000
31/3/2008;14:24:00;0.328;0.130;246.240;1.400;0.000;0.000;0.000
31/3/2008;14:25:00;0.328;0.130;246.240;1.400;0.000;0.000;0.000
31/3/2008;14:26:00;0.326;0.126;245.530;1.400;0.000;0.000;0.000
31/3/2008;14:27:00;0.324;0.126;245.330;1.400;0.000;0.000;0.000
31/3/2008;14:28:00;0.312;0.100;244.740;1.400;0.000;0.000;0.000
31/3/2008;14:29:00;0.236;0.000;245.460;1.000;0.000;0.000;0.000
31/3/2008;14:30:00;0.236;0.000;245.620;1.000;0.000;0.000;0.000
31/3/2008;14:31:00;0.234;0.000;245.870;1.000;0.000;0.000;0.000
31/3/2008;14:32:00;0.230;0.000;245.830;1.000;0.000;0.000;0.000
31/3/2008;14:33:00;0.232;0.000;247.050;1.000;0.000;0.000;0.000
31/3/2008;14:34:00;0.232;0.000;246.780;1.000;0.000;0.000;0.000
31/3/2008;14:35:00;0.230;0.000;246.270;1.000;0.000;0.000;0.000
31/3/2008;14:36:00;0.230;0.000;246.650;1.000;0.000;0.000;0.000
31/3/2008;14:37:00;0.230;0.000;246.440;1.000;0.000;0.000;0.000
31/3/2008;14:38:00;0.230;0.000;246.510;1.000;0.000;0.000;0.000
31/3/2008;14:39:00;0.230;0.000;246.340;1.000;0.000;0.000;0.000
31/3/2008;14:40:00;0.230;0.000;246.920;1.000;0.000;0.000;0.000
31/3/2008;14:41:00;0.230;0.000;246.490;1.000;0.000;0.000;0.000
31/3/2008;14:42:00;0.230;0.000;246.550;1.000;0.000;0.000;0.000
31/3/2008;14:43:00;0.234;0.000;246.810;1.000;0.000;0.000;0.000
31/3/2008;14:44:00;0.238;0.000;246.350;1.000;0.000;0.000;0.000
31/3/2008;14:45:00;0.234;0.000;247.600;1.000;0.000;0.000;0.000
31/3/2008;14:46:00;0.232;0.000;247.540;1.000;0.000;0.000;0.000
31/3/2008;14:47:00;0.232;0.000;247.640;1.000;0.000;0.000;0.000
31/3/2008;14:48:00;0.232;0.000;247.390;1.000;0.000;0.000;0.000
31/3/2008;14:49:00;0.234;0.000;248.170;1.000;0.000;0.000;0.000
31/3/2008;14:50:00;0.234;0.000;248.350;1.000;0.000;0.000;0.000
31/3/2008;14:51:00;0.234;0.000;248.210;1.000;0.000;0.000;0.000
31/3/2008;14:52:00;0.234;0.000;248.240;1.000;0.000;0.000;0.000
31/3/2008;14:53:00;0.320;0.090;247.810;1.400;0.000;0.000;0.000
31/3/2008;14:54:00;0.310;0.102;247.960;1.200;0.000;0.000;0.000
31/3/2008;14:55:00;0.310;0.100;247.650;1.200;0.000;0.000;0.000
31/3/2008;14:56:00;0.312;0.102;247.940;1.200;0.000;0.000;0.000
31/3/2008;14:57:00;0.310;0.102;247.650;1.200;0.000;0.000;0.000
31/3/2008;14:58:00;0.308;0.102;247.650;1.200;0.000;0.000;0.000
31/3/2008;14:59:00;0.306;0.100;247.140;1.200;0.000;0.000;0.000
31/3/2008;15:00:00;0.304;0.100;247.050;1.200;0.000;0.000;0.000
31/3/2008;15:01:00;0.304;0.098;246.870;1.200;0.000;0.000;0.000
31/3/2008;15:02:00;0.302;0.096;246.470;1.200;0.000;0.000;0.000
31/3/2008;15:03:00;0.260;0.000;246.350;1.000;0.000;0.000;0.000
31/3/2008;15:04:00;0.338;0.104;246.540;1.400;0.000;0.000;0.000
31/3/2008;15:05:00;0.342;0.128;246.260;1.400;0.000;0.000;0.000
31/3/2008;15:06:00;0.340;0.128;246.420;1.400;0.000;0.000;0.000
31/3/2008;15:07:00;0.338;0.126;246.070;1.400;0.000;0.000;0.000
31/3/2008;15:08:00;0.338;0.128;246.410;1.400;0.000;0.000;0.000
31/3/2008;15:09:00;0.336;0.128;246.410;1.400;0.000;0.000;0.000
31/3/2008;15:10:00;0.336;0.130;246.730;1.400;0.000;0.000;0.000
31/3/2008;15:11:00;0.336;0.130;246.860;1.400;0.000;0.000;0.000
31/3/2008;15:12:00;0.334;0.132;247.040;1.400;0.000;0.000;0.000
31/3/2008;15:13:00;0.334;0.132;247.040;1.400;0.000;0.000;0.000
31/3/2008;15:14:00;0.332;0.130;246.690;1.400;0.000;0.000;0.000
31/3/2008;15:15:00;0.330;0.128;246.450;1.400;0.000;0.000;0.000
31/3/2008;15:16:00;0.328;0.122;245.050;1.400;0.000;0.000;0.000
31/3/2008;15:17:00;0.324;0.118;243.790;1.400;0.000;0.000;0.000
31/3/2008;15:18:00;0.324;0.120;244.220;1.400;0.000;0.000;0.000
31/3/2008;15:19:00;0.322;0.118;243.530;1.400;0.000;0.000;0.000
31/3/2008;15:20:00;0.322;0.116;243.350;1.400;0.000;0.000;0.000
31/3/2008;15:21:00;0.320;0.116;243.130;1.400;0.000;0.000;0.000
31/3/2008;15:22:00;0.320;0.116;243.220;1.400;0.000;0.000;0.000
31/3/2008;15:23:00;0.254;0.000;243.720;1.000;0.000;0.000;0.000
31/3/2008;15:24:00;0.226;0.000;244.160;1.000;0.000;0.000;0.000
31/3/2008;15:25:00;0.228;0.000;244.720;1.000;0.000;0.000;0.000
31/3/2008;15:26:00;0.228;0.000;244.670;1.000;0.000;0.000;0.000
31/3/2008;15:27:00;0.228;0.000;244.180;1.000;0.000;0.000;0.000
31/3/2008;15:28:00;0.228;0.000;244.670;1.000;0.000;0.000;0.000
31/3/2008;15:29:00;0.230;0.000;245.450;1.000;0.000;0.000;0.000
31/3/2008;15:30:00;0.230;0.000;245.570;1.000;0.000;0.000;0.000
31/3/2008;15:31:00;0.230;0.000;246.110;1.000;0.000;0.000;0.000
31/3/2008;15:32:00;0.230;0.000;246.030;1.000;0.000;0.000;0.000
31/3/2008;15:33:00;0.230;0.000;246.010;1.000;0.000;0.000;0.000
31/3/2008;15:34:00;0.230;0.000;245.680;1.000;0.000;0.000;0.000
31/3/2008;15:35:00;0.230;0.000;245.670;1.000;0.000;0.000;0.000
31/3/2008;15:36:00;0.228;0.000;244.890;1.000;0.000;0.000;0.000
31/3/2008;15:37:00;0.314;0.078;244.150;1.400;0.000;0.000;0.000
31/3/2008;15:38:00;0.318;0.092;243.950;1.400;0.000;0.000;0.000
31/3/2008;15:39:00;0.392;0.214;243.870;1.800;0.000;0.000;0.000
31/3/2008;15:40:00;0.388;0.214;243.890;1.800;0.000;2.000;0.000
31/3/2008;15:41:00;0.384;0.214;243.930;1.800;0.000;1.000;0.000
31/3/2008;15:42:00;0.384;0.214;244.000;1.800;0.000;1.000;0.000
31/3/2008;15:43:00;0.382;0.212;243.450;1.800;0.000;2.000;0.000
31/3/2008;15:44:00;0.382;0.214;244.150;1.800;0.000;1.000;0.000
31/3/2008;15:45:00;0.382;0.216;244.500;1.800;0.000;2.000;0.000
31/3/2008;15:46:00;0.382;0.214;244.460;1.800;0.000;1.000;0.000
31/3/2008;15:47:00;0.352;0.170;243.790;1.600;0.000;1.000;0.000
31/3/2008;15:48:00;0.310;0.104;243.580;1.200;0.000;2.000;0.000
31/3/2008;15:49:00;0.310;0.104;243.560;1.200;0.000;1.000;0.000
31/3/2008;15:50:00;0.310;0.104;243.520;1.200;0.000;1.000;0.000
31/3/2008;15:51:00;0.310;0.104;243.750;1.200;0.000;2.000;0.000
31/3/2008;15:52:00;0.310;0.106;243.900;1.200;0.000;1.000;0.000
31/3/2008;15:53:00;0.310;0.106;243.850;1.200;0.000;2.000;0.000
31/3/2008;15:54:00;0.308;0.106;243.770;1.200;0.000;1.000;0.000
31/3/2008;15:55:00;0.308;0.104;243.460;1.200;0.000;1.000;0.000
31/3/2008;15:56:00;0.308;0.106;243.780;1.200;0.000;2.000;0.000
31/3/2008;15:57:00;0.306;0.104;243.570;1.200;0.000;1.000;0.000
31/3/2008;15:58:00;0.364;0.162;243.400;1.600;0.000;1.000;0.000
31/3/2008;15:59:00;0.416;0.242;243.650;2.000;0.000;2.000;0.000
31/3/2008;16:00:00;0.412;0.244;243.960;2.000;0.000;1.000;0.000
31/3/2008;16:01:00;0.410;0.240;243.550;1.800;0.000;1.000;0.000
31/3/2008;16:02:00;0.410;0.244;244.200;1.800;0.000;1.000;0.000
31/3/2008;16:03:00;0.408;0.244;244.150;1.800;0.000;2.000;0.000
31/3/2008;16:04:00;0.406;0.246;244.460;1.800;0.000;1.000;0.000
31/3/2008;16:05:00;0.406;0.246;244.520;1.800;0.000;1.000;0.000
31/3/2008;16:06:00;0.406;0.254;245.740;1.800;0.000;1.000;0.000
31/3/2008;16:07:00;0.404;0.250;245.090;1.800;0.000;2.000;0.000
31/3/2008;16:08:00;0.406;0.256;246.380;1.800;0.000;1.000;0.000
31/3/2008;16:09:00;0.404;0.254;245.910;1.800;0.000;1.000;0.000
31/3/2008;16:10:00;0.402;0.256;246.050;1.800;0.000;1.000;0.000
31/3/2008;16:11:00;0.398;0.250;245.150;1.800;0.000;1.000;0.000
31/3/2008;16:12:00;0.400;0.254;245.760;1.800;0.000;2.000;0.000
31/3/2008;16:13:00;0.398;0.252;245.470;1.800;0.000;1.000;0.000
31/3/2008;16:14:00;0.400;0.258;246.300;1.800;0.000;1.000;0.000
31/3/2008;16:15:00;0.400;0.258;246.560;1.800;0.000;1.000;0.000
31/3/2008;16:16:00;0.400;0.260;246.840;1.800;0.000;1.000;0.000
31/3/2008;16:17:00;0.346;0.182;246.960;1.600;0.000;2.000;0.000
31/3/2008;16:18:00;0.304;0.116;246.730;1.200;0.000;1.000;0.000
31/3/2008;16:19:00;0.300;0.112;245.570;1.200;0.000;1.000;0.000
31/3/2008;16:20:00;0.298;0.106;244.500;1.200;0.000;1.000;0.000
31/3/2008;16:21:00;0.394;0.216;244.420;1.800;0.000;1.000;0.000
31/3/2008;16:22:00;0.376;0.212;244.240;1.800;0.000;1.000;0.000
31/3/2008;16:23:00;0.376;0.212;244.350;1.800;0.000;2.000;0.000
31/3/2008;16:24:00;0.324;0.122;244.120;1.400;0.000;0.000;0.000
31/3/2008;16:25:00;0.304;0.088;244.330;1.200;0.000;0.000;0.000
31/3/2008;16:26:00;0.304;0.090;244.320;1.200;0.000;0.000;0.000
31/3/2008;16:27:00;0.300;0.088;243.860;1.200;0.000;0.000;0.000
31/3/2008;16:28:00;0.298;0.084;242.880;1.200;0.000;0.000;0.000
31/3/2008;16:29:00;0.298;0.084;243.000;1.200;0.000;0.000;0.000
31/3/2008;16:30:00;0.298;0.086;243.720;1.200;0.000;0.000;0.000
31/3/2008;16:31:00;0.272;0.048;243.860;1.200;0.000;0.000;0.000
31/3/2008;16:32:00;0.228;0.000;244.110;1.000;0.000;0.000;0.000
31/3/2008;16:33:00;0.228;0.000;243.900;1.000;0.000;0.000;0.000
31/3/2008;16:34:00;0.228;0.000;243.980;1.000;0.000;0.000;0.000
31/3/2008;16:35:00;0.228;0.000;244.330;1.000;0.000;0.000;0.000
31/3/2008;16:36:00;0.228;0.000;244.050;1.000;0.000;0.000;0.000
31/3/2008;16:37:00;0.228;0.000;244.710;1.000;0.000;0.000;0.000
31/3/2008;16:38:00;0.228;0.000;244.020;1.000;0.000;0.000;0.000
31/3/2008;16:39:00;0.228;0.000;244.110;1.000;0.000;0.000;0.000
31/3/2008;16:40:00;0.228;0.000;243.890;1.000;0.000;0.000;0.000
31/3/2008;16:41:00;0.228;0.000;244.050;1.000;0.000;0.000;0.000
31/3/2008;16:42:00;0.228;0.000;243.830;1.000;0.000;0.000;0.000
31/3/2008;16:43:00;0.228;0.000;243.890;1.000;0.000;0.000;0.000
31/3/2008;16:44:00;0.228;0.000;244.430;1.000;0.000;0.000;0.000
31/3/2008;16:45:00;0.232;0.000;246.270;1.000;0.000;0.000;0.000
31/3/2008;16:46:00;0.230;0.000;245.650;1.000;0.000;0.000;0.000
31/3/2008;16:47:00;0.230;0.000;245.580;1.000;0.000;0.000;0.000
31/3/2008;16:48:00;0.230;0.000;245.740;1.000;0.000;0.000;0.000
31/3/2008;16:49:00;0.232;0.000;247.090;1.000;0.000;0.000;0.000
31/3/2008;16:50:00;0.234;0.000;247.720;1.000;0.000;0.000;0.000
31/3/2008;16:51:00;0.234;0.000;248.110;1.000;0.000;0.000;0.000
31/3/2008;16:52:00;0.286;0.000;247.720;1.200;0.000;0.000;0.000
31/3/2008;16:53:00;0.348;0.134;247.880;1.400;0.000;0.000;0.000
31/3/2008;16:54:00;0.344;0.132;247.240;1.400;0.000;0.000;0.000
31/3/2008;16:55:00;0.342;0.132;247.340;1.400;0.000;0.000;0.000
31/3/2008;16:56:00;0.342;0.132;247.370;1.400;0.000;0.000;0.000
31/3/2008;16:57:00;0.340;0.132;247.320;1.400;0.000;0.000;0.000
31/3/2008;16:58:00;0.338;0.130;246.790;1.400;0.000;0.000;0.000
31/3/2008;16:59:00;0.332;0.120;244.350;1.400;0.000;0.000;0.000
31/3/2008;17:00:00;0.330;0.118;243.960;1.400;0.000;0.000;0.000
31/3/2008;17:01:00;0.330;0.118;244.190;1.400;0.000;0.000;0.000
31/3/2008;17:02:00;0.328;0.118;244.130;1.400;0.000;0.000;0.000
31/3/2008;17:03:00;0.328;0.122;244.540;1.400;0.000;0.000;0.000
31/3/2008;17:04:00;0.328;0.120;244.540;1.400;0.000;0.000;0.000
31/3/2008;17:05:00;0.376;0.166;244.060;1.800;0.000;0.000;0.000
31/3/2008;17:06:00;0.402;0.226;244.110;1.800;0.000;0.000;0.000
31/3/2008;17:07:00;0.402;0.226;243.820;1.800;0.000;0.000;0.000
31/3/2008;17:08:00;0.402;0.228;244.310;1.800;0.000;0.000;0.000
31/3/2008;17:09:00;0.402;0.230;244.860;1.800;0.000;0.000;0.000
31/3/2008;17:10:00;0.400;0.228;244.430;1.800;0.000;0.000;0.000
31/3/2008;17:11:00;0.380;0.206;245.200;1.800;0.000;0.000;0.000
31/3/2008;17:12:00;0.302;0.092;245.060;1.200;0.000;0.000;0.000
31/3/2008;17:13:00;0.306;0.092;245.100;1.200;0.000;0.000;0.000
31/3/2008;17:14:00;0.308;0.090;244.330;1.200;0.000;0.000;0.000
31/3/2008;17:15:00;0.306;0.090;244.380;1.200;0.000;0.000;0.000
31/3/2008;17:16:00;0.270;0.000;244.360;1.200;0.000;0.000;0.000
31/3/2008;17:17:00;0.234;0.000;244.340;1.000;0.000;0.000;0.000
31/3/2008;17:18:00;0.232;0.000;244.500;1.000;0.000;0.000;0.000
31/3/2008;17:19:00;0.228;0.000;244.460;1.000;0.000;0.000;0.000
31/3/2008;17:20:00;0.228;0.000;244.650;1.000;0.000;0.000;0.000
31/3/2008;17:21:00;0.228;0.000;244.550;1.000;0.000;0.000;0.000
31/3/2008;17:22:00;0.228;0.000;244.170;1.000;0.000;0.000;0.000
31/3/2008;17:23:00;0.228;0.000;244.050;1.000;0.000;0.000;0.000
31/3/2008;17:24:00;0.228;0.000;244.010;1.000;0.000;0.000;0.000
31/3/2008;17:25:00;0.226;0.000;243.760;1.000;0.000;0.000;0.000
31/3/2008;17:26:00;0.226;0.000;243.660;1.000;0.000;0.000;0.000
31/3/2008;17:27:00;0.226;0.000;244.020;1.000;0.000;0.000;0.000
31/3/2008;17:28:00;0.230;0.000;244.110;1.000;0.000;0.000;0.000
31/3/2008;17:29:00;0.240;0.000;244.280;1.000;0.000;0.000;0.000
31/3/2008;17:30:00;0.236;0.000;244.010;1.000;0.000;0.000;0.000
31/3/2008;17:31:00;0.234;0.000;243.980;1.000;0.000;0.000;0.000
31/3/2008;17:32:00;0.234;0.000;244.210;1.000;0.000;0.000;0.000
31/3/2008;17:33:00;0.234;0.000;244.170;1.000;0.000;0.000;0.000
31/3/2008;17:34:00;0.234;0.000;244.200;1.000;0.000;0.000;0.000
31/3/2008;17:35:00;0.234;0.000;244.630;1.000;0.000;0.000;0.000
31/3/2008;17:36:00;0.228;0.000;244.720;1.000;0.000;0.000;0.000
31/3/2008;17:37:00;0.228;0.000;243.940;1.000;0.000;0.000;0.000
31/3/2008;17:38:00;0.226;0.000;243.580;1.000;0.000;0.000;0.000
31/3/2008;17:39:00;0.226;0.000;243.620;1.000;0.000;0.000;0.000
31/3/2008;17:40:00;0.226;0.000;244.070;1.000;0.000;0.000;0.000
31/3/2008;17:41:00;0.226;0.000;243.810;1.000;0.000;0.000;0.000
31/3/2008;17:42:00;0.226;0.000;243.730;1.000;0.000;0.000;0.000
31/3/2008;17:43:00;0.230;0.000;243.570;1.000;0.000;0.000;0.000
31/3/2008;17:44:00;0.234;0.000;244.280;1.000;0.000;0.000;0.000
31/3/2008;17:45:00;0.234;0.000;244.540;1.000;0.000;0.000;0.000
31/3/2008;17:46:00;0.244;0.000;244.870;1.000;0.000;0.000;0.000
31/3/2008;17:47:00;0.386;0.148;245.120;1.800;0.000;0.000;0.000
31/3/2008;17:48:00;0.422;0.228;244.300;2.000;0.000;0.000;0.000
31/3/2008;17:49:00;0.420;0.230;244.650;1.800;0.000;0.000;0.000
31/3/2008;17:50:00;0.418;0.230;244.680;1.800;0.000;0.000;0.000
31/3/2008;17:51:00;0.410;0.230;244.780;1.800;0.000;0.000;0.000
31/3/2008;17:52:00;0.410;0.232;245.300;1.800;0.000;0.000;0.000
31/3/2008;17:53:00;0.406;0.230;244.750;1.800;0.000;0.000;0.000
31/3/2008;17:54:00;0.402;0.226;244.040;1.800;0.000;0.000;0.000
31/3/2008;17:55:00;0.400;0.224;243.850;1.800;0.000;0.000;0.000
31/3/2008;17:56:00;0.396;0.220;242.890;1.800;0.000;0.000;0.000
31/3/2008;17:57:00;0.398;0.226;244.100;1.800;0.000;0.000;0.000
31/3/2008;17:58:00;0.398;0.224;243.690;1.800;0.000;0.000;0.000
31/3/2008;17:59:00;0.346;0.140;243.940;1.400;0.000;0.000;0.000
31/3/2008;18:00:00;0.330;0.120;243.970;1.400;0.000;0.000;0.000
31/3/2008;18:01:00;0.330;0.120;244.090;1.400;0.000;0.000;0.000
31/3/2008;18:02:00;0.328;0.116;243.080;1.400;0.000;0.000;0.000
31/3/2008;18:03:00;0.324;0.116;243.330;1.400;0.000;0.000;0.000
31/3/2008;18:04:00;0.322;0.118;243.930;1.400;0.000;0.000;0.000
31/3/2008;18:05:00;0.322;0.118;243.900;1.400;0.000;0.000;0.000
31/3/2008;18:06:00;0.270;0.046;243.700;1.200;0.000;0.000;0.000
31/3/2008;18:07:00;0.224;0.000;243.430;1.000;0.000;0.000;0.000
31/3/2008;18:08:00;0.226;0.000;243.440;1.000;0.000;0.000;0.000
31/3/2008;18:09:00;0.224;0.000;243.250;1.000;0.000;0.000;0.000
31/3/2008;18:10:00;0.226;0.000;244.560;1.000;0.000;0.000;0.000
31/3/2008;18:11:00;0.228;0.000;244.750;1.000;0.000;0.000;0.000
31/3/2008;18:12:00;0.226;0.000;244.330;1.000;0.000;0.000;0.000
31/3/2008;18:13:00;0.230;0.000;244.500;1.000;0.000;0.000;0.000
31/3/2008;18:14:00;0.232;0.000;243.560;1.000;0.000;0.000;0.000
31/3/2008;18:15:00;0.230;0.000;244.180;1.000;0.000;0.000;0.000
31/3/2008;18:16:00;0.226;0.000;244.460;1.000;0.000;0.000;0.000
31/3/2008;18:17:00;0.226;0.000;243.930;1.000;0.000;0.000;0.000
31/3/2008;18:18:00;0.224;0.000;242.980;1.000;0.000;0.000;0.000
31/3/2008;18:19:00;0.224;0.000;242.550;1.000;0.000;0.000;0.000
31/3/2008;18:20:00;0.224;0.000;242.850;1.000;0.000;0.000;0.000
31/3/2008;18:21:00;0.224;0.000;243.000;1.000;0.000;0.000;0.000
31/3/2008;18:22:00;0.226;0.000;243.470;1.000;0.000;0.000;0.000
31/3/2008;18:23:00;0.226;0.000;243.970;1.000;0.000;0.000;0.000
31/3/2008;18:24:00;0.226;0.000;243.380;1.000;0.000;0.000;0.000
31/3/2008;18:25:00;0.226;0.000;243.540;1.000;0.000;0.000;0.000
31/3/2008;18:26:00;0.226;0.000;243.750;1.000;0.000;0.000;0.000
31/3/2008;18:27:00;0.224;0.000;243.270;1.000;0.000;0.000;0.000
31/3/2008;18:28:00;0.226;0.000;243.350;1.000;0.000;0.000;0.000
31/3/2008;18:29:00;0.226;0.000;243.620;1.000;0.000;0.000;0.000
31/3/2008;18:30:00;0.226;0.000;243.510;1.000;0.000;0.000;0.000
31/3/2008;18:31:00;0.226;0.000;243.730;1.000;0.000;0.000;0.000
31/3/2008;18:32:00;0.244;0.000;243.600;1.200;0.000;0.000;0.000
31/3/2008;18:33:00;0.306;0.088;243.930;1.200;0.000;0.000;0.000
31/3/2008;18:34:00;0.304;0.088;244.010;1.200;0.000;0.000;0.000
31/3/2008;18:35:00;0.306;0.088;243.980;1.200;0.000;0.000;0.000
31/3/2008;18:36:00;0.304;0.088;244.080;1.200;0.000;0.000;0.000
31/3/2008;18:37:00;0.312;0.086;243.570;1.200;0.000;0.000;0.000
31/3/2008;18:38:00;0.362;0.084;243.040;1.600;0.000;0.000;0.000
31/3/2008;18:39:00;0.360;0.086;243.600;1.600;0.000;0.000;0.000
31/3/2008;18:40:00;0.358;0.086;243.520;1.600;0.000;0.000;0.000
31/3/2008;18:41:00;0.452;0.190;243.670;2.000;0.000;0.000;0.000
31/3/2008;18:42:00;0.468;0.226;243.870;2.200;0.000;0.000;0.000
31/3/2008;18:43:00;0.458;0.212;244.030;2.000;0.000;0.000;0.000
31/3/2008;18:44:00;0.402;0.120;244.100;1.800;0.000;0.000;0.000
31/3/2008;18:45:00;0.404;0.120;244.120;1.800;0.000;0.000;0.000
31/3/2008;18:46:00;0.400;0.118;244.020;1.800;0.000;0.000;0.000
31/3/2008;18:47:00;0.404;0.116;243.380;1.800;0.000;0.000;0.000
31/3/2008;18:48:00;0.400;0.118;243.700;1.800;0.000;0.000;0.000
31/3/2008;18:49:00;0.396;0.114;242.740;1.800;0.000;0.000;0.000
31/3/2008;18:50:00;0.392;0.116;243.260;1.600;0.000;0.000;0.000
31/3/2008;18:51:00;0.394;0.118;243.600;1.800;0.000;0.000;0.000
31/3/2008;18:52:00;0.390;0.116;243.050;1.600;0.000;0.000;0.000
31/3/2008;18:53:00;0.386;0.116;242.630;1.600;0.000;0.000;0.000
31/3/2008;18:54:00;0.336;0.112;241.910;1.400;0.000;0.000;0.000
31/3/2008;18:55:00;0.322;0.114;242.690;1.400;0.000;0.000;0.000
31/3/2008;18:56:00;0.320;0.114;242.320;1.400;0.000;0.000;0.000
31/3/2008;18:57:00;0.384;0.112;242.270;1.600;0.000;0.000;0.000
31/3/2008;18:58:00;0.386;0.110;241.650;1.600;0.000;0.000;0.000
31/3/2008;18:59:00;0.384;0.110;241.620;1.600;0.000;0.000;0.000
31/3/2008;19:00:00;0.372;0.102;241.930;1.600;0.000;0.000;0.000
31/3/2008;19:01:00;0.290;0.000;242.350;1.200;0.000;0.000;0.000
31/3/2008;19:02:00;0.290;0.000;241.380;1.200;0.000;0.000;0.000
31/3/2008;19:03:00;0.284;0.000;240.630;1.200;0.000;0.000;0.000
31/3/2008;19:04:00;0.282;0.000;240.060;1.200;0.000;0.000;0.000
31/3/2008;19:05:00;0.294;0.000;240.710;1.200;0.000;0.000;0.000
31/3/2008;19:06:00;0.290;0.000;240.390;1.200;0.000;0.000;0.000
31/3/2008;19:07:00;0.296;0.000;240.920;1.200;0.000;0.000;0.000
31/3/2008;19:08:00;0.308;0.000;241.130;1.400;0.000;0.000;0.000
31/3/2008;19:09:00;0.290;0.000;241.760;1.200;0.000;0.000;0.000
31/3/2008;19:10:00;0.288;0.000;242.300;1.200;0.000;0.000;0.000
31/3/2008;19:11:00;0.292;0.000;242.610;1.200;0.000;0.000;0.000
31/3/2008;19:12:00;0.298;0.000;243.630;1.200;0.000;0.000;0.000
31/3/2008;19:13:00;0.294;0.000;242.680;1.200;0.000;0.000;0.000
31/3/2008;19:14:00;0.382;0.078;242.480;1.800;0.000;0.000;0.000
31/3/2008;19:15:00;0.374;0.076;241.080;1.600;0.000;0.000;0.000
31/3/2008;19:16:00;0.370;0.072;239.900;1.600;0.000;0.000;0.000
31/3/2008;19:17:00;0.364;0.076;240.400;1.600;0.000;0.000;0.000
31/3/2008;19:18:00;0.440;0.164;241.040;2.000;0.000;0.000;0.000
31/3/2008;19:19:00;0.442;0.200;241.190;2.000;0.000;1.000;0.000
31/3/2008;19:20:00;0.440;0.198;240.650;2.000;0.000;2.000;0.000
31/3/2008;19:21:00;0.436;0.200;241.300;2.000;0.000;1.000;0.000
31/3/2008;19:22:00;0.434;0.196;240.220;2.000;0.000;1.000;0.000
31/3/2008;19:23:00;0.498;0.252;240.760;2.400;0.000;2.000;0.000
31/3/2008;19:24:00;0.668;0.324;241.030;3.000;0.000;1.000;0.000
31/3/2008;19:25:00;0.666;0.300;241.070;3.000;0.000;1.000;0.000
31/3/2008;19:26:00;0.628;0.236;240.550;2.800;0.000;2.000;0.000
31/3/2008;19:27:00;0.594;0.188;239.500;2.600;0.000;1.000;0.000
31/3/2008;19:28:00;0.592;0.192;240.390;2.600;0.000;1.000;0.000
31/3/2008;19:29:00;0.598;0.190;240.260;2.600;0.000;2.000;0.000
31/3/2008;19:30:00;0.594;0.186;239.670;2.600;0.000;1.000;0.000
31/3/2008;19:31:00;0.594;0.186;239.710;2.600;0.000;2.000;0.000
31/3/2008;19:32:00;0.596;0.186;239.920;2.600;0.000;1.000;0.000
31/3/2008;19:33:00;0.592;0.188;240.040;2.600;0.000;1.000;0.000
31/3/2008;19:34:00;0.596;0.190;240.430;2.600;0.000;2.000;0.000
31/3/2008;19:35:00;0.670;0.260;240.420;3.000;0.000;1.000;0.000
31/3/2008;19:36:00;0.706;0.320;240.050;3.200;0.000;1.000;0.000
31/3/2008;19:37:00;0.700;0.316;239.610;3.200;0.000;2.000;0.000
31/3/2008;19:38:00;0.696;0.318;239.810;3.200;0.000;1.000;0.000
31/3/2008;19:39:00;0.692;0.314;239.220;3.200;0.000;1.000;0.000
31/3/2008;19:40:00;0.680;0.314;239.330;3.200;0.000;1.000;0.000
31/3/2008;19:41:00;1.666;0.304;238.890;7.200;0.000;2.000;15.000
31/3/2008;19:42:00;1.776;0.302;238.980;7.400;0.000;1.000;18.000
31/3/2008;19:43:00;1.752;0.298;238.130;7.400;0.000;1.000;17.000
31/3/2008;19:44:00;1.736;0.300;238.270;7.400;0.000;1.000;18.000
31/3/2008;19:45:00;1.730;0.298;238.260;7.400;0.000;2.000;18.000
31/3/2008;19:46:00;1.714;0.292;237.080;7.200;0.000;1.000;17.000
31/3/2008;19:47:00;1.682;0.298;238.190;7.200;0.000;1.000;18.000
31/3/2008;19:48:00;1.736;0.306;239.640;7.400;0.000;1.000;17.000
31/3/2008;19:49:00;1.736;0.308;239.980;7.200;0.000;1.000;18.000
31/3/2008;19:50:00;1.738;0.308;239.660;7.400;0.000;2.000;18.000
31/3/2008;19:51:00;1.746;0.308;240.020;7.400;0.000;1.000;17.000
31/3/2008;19:52:00;1.788;0.306;239.640;7.600;0.000;1.000;18.000
31/3/2008;19:53:00;2.090;0.342;238.790;9.000;0.000;1.000;17.000
31/3/2008;19:54:00;3.526;0.588;236.960;15.200;0.000;1.000;18.000
31/3/2008;19:55:00;1.984;0.292;237.490;8.400;0.000;1.000;17.000
31/3/2008;19:56:00;1.984;0.292;237.640;8.400;0.000;2.000;17.000
31/3/2008;19:57:00;1.804;0.220;238.700;7.600;0.000;1.000;18.000
31/3/2008;19:58:00;1.812;0.246;238.650;7.600;0.000;1.000;17.000
31/3/2008;19:59:00;1.820;0.272;238.730;7.600;0.000;1.000;18.000
31/3/2008;20:00:00;1.744;0.172;238.100;7.200;0.000;1.000;17.000
31/3/2008;20:01:00;1.752;0.174;238.780;7.200;0.000;1.000;18.000
31/3/2008;20:02:00;1.766;0.180;239.980;7.400;0.000;1.000;17.000
31/3/2008;20:03:00;1.760;0.180;240.150;7.200;0.000;2.000;18.000
31/3/2008;20:04:00;1.762;0.182;240.430;7.200;0.000;1.000;18.000
31/3/2008;20:05:00;1.768;0.184;241.030;7.200;0.000;1.000;17.000
31/3/2008;20:06:00;1.738;0.134;241.040;7.200;0.000;1.000;18.000
31/3/2008;20:07:00;1.686;0.060;240.140;7.000;0.000;0.000;18.000
31/3/2008;20:08:00;1.676;0.058;239.410;7.000;0.000;0.000;17.000
31/3/2008;20:09:00;1.682;0.060;239.820;7.000;0.000;0.000;18.000
31/3/2008;20:10:00;1.680;0.058;239.720;7.000;0.000;0.000;18.000
31/3/2008;20:11:00;1.650;0.000;240.220;6.800;0.000;0.000;17.000
31/3/2008;20:12:00;1.642;0.000;241.180;6.800;0.000;0.000;18.000
31/3/2008;20:13:00;1.624;0.000;240.190;6.600;0.000;0.000;18.000
31/3/2008;20:14:00;1.606;0.000;239.300;6.600;0.000;0.000;18.000
31/3/2008;20:15:00;1.600;0.000;238.730;6.600;0.000;0.000;17.000
31/3/2008;20:16:00;1.602;0.000;238.910;6.600;0.000;0.000;17.000
31/3/2008;20:17:00;1.592;0.046;237.680;6.600;0.000;0.000;18.000
31/3/2008;20:18:00;1.652;0.046;237.840;6.800;0.000;0.000;17.000
31/3/2008;20:19:00;1.590;0.000;237.830;6.600;0.000;0.000;18.000
31/3/2008;20:20:00;1.592;0.000;238.000;6.600;0.000;0.000;17.000
31/3/2008;20:21:00;1.586;0.046;237.470;6.600;0.000;0.000;17.000
31/3/2008;20:22:00;1.762;0.056;237.660;7.400;0.000;0.000;17.000
31/3/2008;20:23:00;1.960;0.128;237.600;8.200;0.000;0.000;18.000
31/3/2008;20:24:00;2.244;0.116;237.740;9.400;0.000;0.000;17.000
31/3/2008;20:25:00;1.498;0.046;238.460;6.600;0.000;0.000;10.000
31/3/2008;20:26:00;0.984;0.000;239.740;4.200;0.000;0.000;0.000
31/3/2008;20:27:00;1.474;0.000;238.800;6.200;0.000;0.000;0.000
31/3/2008;20:28:00;1.480;0.000;238.920;6.200;0.000;0.000;0.000
31/3/2008;20:29:00;0.984;0.000;239.100;4.200;0.000;0.000;0.000
31/3/2008;20:30:00;1.054;0.000;238.760;4.400;0.000;0.000;0.000
31/3/2008;20:31:00;1.144;0.000;237.770;4.800;0.000;0.000;0.000
31/3/2008;20:32:00;1.212;0.160;238.590;5.200;0.000;0.000;0.000
31/3/2008;20:33:00;2.000;0.162;237.410;8.800;2.000;0.000;0.000
31/3/2008;20:34:00;2.114;0.104;237.320;9.000;1.000;0.000;0.000
31/3/2008;20:35:00;3.174;0.176;235.480;13.800;1.000;0.000;0.000
31/3/2008;20:36:00;2.914;0.192;233.070;12.800;1.000;0.000;0.000
31/3/2008;20:37:00;2.722;0.176;232.750;12.000;1.000;0.000;0.000
31/3/2008;20:38:00;2.234;0.160;233.530;9.600;2.000;0.000;0.000
31/3/2008;20:39:00;2.230;0.166;234.410;9.600;1.000;0.000;0.000
31/3/2008;20:40:00;2.230;0.168;234.550;9.600;1.000;0.000;0.000
31/3/2008;20:41:00;2.234;0.158;233.040;9.600;1.000;0.000;0.000
31/3/2008;20:42:00;2.422;0.156;232.400;10.400;1.000;0.000;0.000
31/3/2008;20:43:00;2.278;0.150;232.150;9.800;1.000;0.000;0.000
31/3/2008;20:44:00;1.948;0.162;232.370;8.400;2.000;0.000;0.000
31/3/2008;20:45:00;1.894;0.162;233.550;8.200;1.000;0.000;0.000
31/3/2008;20:46:00;2.066;0.164;234.610;8.800;1.000;0.000;0.000
31/3/2008;20:47:00;2.004;0.174;236.610;8.600;1.000;0.000;0.000
31/3/2008;20:48:00;1.932;0.178;237.400;8.200;1.000;0.000;0.000
31/3/2008;20:49:00;1.926;0.176;237.150;8.200;2.000;0.000;0.000
31/3/2008;20:50:00;1.916;0.210;237.440;8.200;1.000;0.000;0.000
31/3/2008;20:51:00;1.822;0.162;237.240;7.800;0.000;0.000;0.000
31/3/2008;20:52:00;1.888;0.058;237.230;8.000;2.000;0.000;0.000
31/3/2008;20:53:00;3.580;0.000;235.240;15.600;28.000;0.000;0.000
31/3/2008;20:54:00;3.900;0.000;234.590;16.600;37.000;0.000;0.000
31/3/2008;20:55:00;3.932;0.000;235.870;16.600;37.000;0.000;0.000
31/3/2008;20:56:00;3.926;0.000;235.930;16.600;37.000;0.000;0.000
31/3/2008;20:57:00;3.900;0.000;235.120;16.600;37.000;0.000;0.000
31/3/2008;20:58:00;3.862;0.000;235.660;16.400;37.000;0.000;0.000
31/3/2008;20:59:00;3.872;0.058;236.390;16.400;37.000;0.000;0.000
31/3/2008;21:00:00;3.854;0.062;235.940;16.200;37.000;0.000;0.000
31/3/2008;21:01:00;3.862;0.060;236.150;16.400;37.000;0.000;0.000
31/3/2008;21:02:00;3.864;0.060;236.330;16.400;38.000;0.000;0.000
31/3/2008;21:03:00;3.874;0.060;236.710;16.400;37.000;0.000;0.000
31/3/2008;21:04:00;3.866;0.060;236.570;16.200;37.000;0.000;0.000
31/3/2008;21:05:00;3.062;0.056;236.430;13.600;26.000;0.000;0.000
31/3/2008;21:06:00;1.706;0.046;236.950;7.200;1.000;0.000;0.000
31/3/2008;21:07:00;1.708;0.048;237.090;7.200;1.000;0.000;0.000
31/3/2008;21:08:00;1.714;0.046;237.250;7.200;1.000;0.000;0.000
31/3/2008;21:09:00;1.708;0.048;236.760;7.200;1.000;0.000;0.000
31/3/2008;21:10:00;1.702;0.048;236.070;7.200;2.000;0.000;0.000
31/3/2008;21:11:00;1.702;0.048;236.420;7.200;1.000;0.000;0.000
31/3/2008;21:12:00;1.702;0.046;236.870;7.200;1.000;0.000;0.000
31/3/2008;21:13:00;1.648;0.000;237.390;7.000;1.000;0.000;0.000
31/3/2008;21:14:00;1.714;0.000;237.640;7.200;1.000;0.000;0.000
31/3/2008;21:15:00;1.926;0.000;237.340;8.200;2.000;0.000;0.000
31/3/2008;21:16:00;1.934;0.000;237.220;8.200;1.000;0.000;0.000
31/3/2008;21:17:00;1.912;0.000;236.670;8.000;1.000;0.000;0.000
31/3/2008;21:18:00;1.912;0.000;236.740;8.000;1.000;0.000;0.000
31/3/2008;21:19:00;1.924;0.000;237.850;8.000;1.000;0.000;0.000
31/3/2008;21:20:00;1.934;0.000;238.640;8.200;2.000;0.000;0.000
31/3/2008;21:21:00;1.932;0.000;238.930;8.000;1.000;0.000;0.000
31/3/2008;21:22:00;1.918;0.000;238.480;8.000;1.000;0.000;0.000
31/3/2008;21:23:00;1.942;0.000;237.070;8.200;1.000;0.000;0.000
31/3/2008;21:24:00;2.896;0.000;235.970;12.600;1.000;0.000;12.000
31/3/2008;21:25:00;4.250;0.000;234.400;18.000;1.000;0.000;18.000
31/3/2008;21:26:00;4.326;0.122;234.410;18.400;2.000;0.000;17.000
31/3/2008;21:27:00;4.344;0.144;234.490;18.400;1.000;0.000;17.000
31/3/2008;21:28:00;4.358;0.216;233.840;18.600;1.000;0.000;17.000
31/3/2008;21:29:00;4.322;0.212;232.860;18.600;1.000;0.000;17.000
31/3/2008;21:30:00;4.310;0.212;232.720;18.400;1.000;0.000;17.000
31/3/2008;21:31:00;4.296;0.210;232.470;18.400;1.000;0.000;16.000
31/3/2008;21:32:00;4.296;0.210;232.520;18.400;2.000;0.000;17.000
31/3/2008;21:33:00;4.306;0.210;232.950;18.400;1.000;0.000;17.000
31/3/2008;21:34:00;3.122;0.184;234.720;13.600;1.000;0.000;16.000
31/3/2008;21:35:00;2.726;0.152;236.590;11.600;1.000;0.000;18.000
31/3/2008;21:36:00;2.556;0.152;236.420;10.800;1.000;0.000;17.000
31/3/2008;21:37:00;2.390;0.164;236.420;10.200;1.000;0.000;17.000
31/3/2008;21:38:00;2.358;0.184;236.410;10.000;2.000;0.000;17.000
31/3/2008;21:39:00;2.368;0.186;236.980;10.000;1.000;0.000;17.000
31/3/2008;21:40:00;2.370;0.188;237.200;10.000;1.000;0.000;18.000
31/3/2008;21:41:00;2.378;0.188;237.340;10.000;1.000;0.000;17.000
31/3/2008;21:42:00;2.330;0.110;237.750;9.800;1.000;0.000;17.000
31/3/2008;21:43:00;2.314;0.088;237.550;9.800;2.000;0.000;18.000
31/3/2008;21:44:00;2.310;0.090;237.500;9.600;1.000;0.000;17.000
31/3/2008;21:45:00;2.250;0.000;237.580;9.400;1.000;0.000;17.000
31/3/2008;21:46:00;2.220;0.000;237.520;9.400;1.000;0.000;18.000
31/3/2008;21:47:00;2.232;0.000;237.900;9.400;1.000;0.000;17.000
31/3/2008;21:48:00;2.216;0.000;237.280;9.400;2.000;0.000;17.000
31/3/2008;21:49:00;2.218;0.000;237.570;9.400;1.000;0.000;18.000
31/3/2008;21:50:00;2.210;0.000;237.410;9.200;1.000;0.000;17.000
31/3/2008;21:51:00;2.212;0.000;237.330;9.200;1.000;0.000;17.000
31/3/2008;21:52:00;2.218;0.000;237.890;9.200;1.000;0.000;17.000
31/3/2008;21:53:00;2.218;0.000;237.690;9.200;2.000;0.000;18.000
31/3/2008;21:54:00;2.222;0.000;238.150;9.200;1.000;0.000;17.000
31/3/2008;21:55:00;2.222;0.000;237.950;9.400;1.000;0.000;18.000
31/3/2008;21:56:00;2.226;0.000;237.360;9.400;1.000;0.000;17.000
31/3/2008;21:57:00;2.176;0.000;236.800;9.200;1.000;0.000;17.000
31/3/2008;21:58:00;2.184;0.000;236.490;9.200;1.000;0.000;17.000
31/3/2008;21:59:00;2.604;0.000;236.000;11.000;1.000;0.000;17.000
31/3/2008;22:00:00;2.532;0.000;236.470;10.600;1.000;0.000;18.000
31/3/2008;22:01:00;2.536;0.000;236.780;10.600;2.000;0.000;17.000
31/3/2008;22:02:00;2.536;0.000;236.980;10.600;1.000;0.000;17.000
31/3/2008;22:03:00;2.538;0.000;236.920;10.600;1.000;0.000;17.000
31/3/2008;22:04:00;2.270;0.000;236.850;9.600;1.000;0.000;17.000
31/3/2008;22:05:00;2.182;0.052;237.140;9.200;1.000;0.000;18.000
31/3/2008;22:06:00;2.866;0.058;236.100;12.200;0.000;0.000;17.000
31/3/2008;22:07:00;3.206;0.104;236.470;13.600;2.000;0.000;17.000
31/3/2008;22:08:00;4.452;0.000;235.310;19.000;34.000;0.000;17.000
31/3/2008;22:09:00;4.334;0.000;236.050;18.200;37.000;0.000;17.000
31/3/2008;22:10:00;4.416;0.000;235.790;18.600;37.000;0.000;17.000
31/3/2008;22:11:00;4.528;0.056;235.500;19.200;37.000;0.000;17.000
31/3/2008;22:12:00;4.486;0.118;235.320;19.000;36.000;0.000;17.000
31/3/2008;22:13:00;4.502;0.120;235.690;19.000;37.000;0.000;17.000
31/3/2008;22:14:00;4.552;0.124;236.960;19.200;37.000;0.000;17.000
31/3/2008;22:15:00;4.564;0.122;237.170;19.200;38.000;0.000;18.000
31/3/2008;22:16:00;4.570;0.138;236.800;19.200;37.000;0.000;17.000
31/3/2008;22:17:00;4.374;0.118;236.070;18.400;37.000;0.000;17.000
31/3/2008;22:18:00;3.920;0.074;235.530;16.600;37.000;0.000;17.000
31/3/2008;22:19:00;3.920;0.078;236.510;16.400;37.000;0.000;17.000
31/3/2008;22:20:00;4.062;0.206;237.410;17.000;37.000;0.000;18.000
31/3/2008;22:21:00;4.058;0.212;237.710;17.000;37.000;0.000;17.000
31/3/2008;22:22:00;2.750;0.222;239.100;12.400;17.000;0.000;17.000
31/3/2008;22:23:00;1.840;0.224;239.510;7.600;0.000;0.000;18.000
31/3/2008;22:24:00;1.784;0.140;239.410;7.400;0.000;0.000;18.000
31/3/2008;22:25:00;1.770;0.126;238.950;7.400;0.000;0.000;17.000
31/3/2008;22:26:00;1.790;0.158;238.760;7.400;1.000;0.000;18.000
31/3/2008;22:27:00;1.812;0.122;238.360;7.600;0.000;0.000;17.000
31/3/2008;22:28:00;1.982;0.112;237.870;8.200;0.000;0.000;17.000
31/3/2008;22:29:00;2.004;0.122;238.050;8.400;0.000;0.000;18.000
31/3/2008;22:30:00;2.556;0.124;238.510;10.600;0.000;0.000;17.000
31/3/2008;22:31:00;1.780;0.128;239.840;7.400;0.000;0.000;18.000
31/3/2008;22:32:00;1.776;0.126;240.130;7.400;0.000;0.000;18.000
31/3/2008;22:33:00;1.814;0.100;240.480;7.400;0.000;0.000;17.000
31/3/2008;22:34:00;1.650;0.100;240.830;6.800;0.000;0.000;18.000
31/3/2008;22:35:00;1.482;0.098;241.340;6.000;0.000;0.000;18.000
31/3/2008;22:36:00;1.444;0.062;240.980;6.000;0.000;0.000;18.000
31/3/2008;22:37:00;1.440;0.066;240.840;6.000;0.000;0.000;18.000
31/3/2008;22:38:00;1.442;0.070;239.990;6.000;0.000;0.000;17.000
31/3/2008;22:39:00;1.396;0.000;239.960;5.800;0.000;0.000;18.000
31/3/2008;22:40:00;1.340;0.000;239.510;5.600;0.000;0.000;17.000
31/3/2008;22:41:00;1.326;0.060;239.180;5.400;0.000;0.000;18.000
31/3/2008;22:42:00;1.322;0.064;239.340;5.400;0.000;0.000;18.000
31/3/2008;22:43:00;1.324;0.060;239.770;5.400;0.000;0.000;17.000
31/3/2008;22:44:00;1.326;0.064;240.400;5.400;0.000;0.000;18.000
31/3/2008;22:45:00;1.328;0.062;240.760;5.400;0.000;0.000;18.000
31/3/2008;22:46:00;1.332;0.062;241.020;5.400;0.000;0.000;18.000
31/3/2008;22:47:00;1.332;0.060;241.180;5.400;0.000;0.000;17.000
31/3/2008;22:48:00;1.342;0.060;242.010;5.400;0.000;0.000;18.000
31/3/2008;22:49:00;1.342;0.058;242.180;5.400;0.000;0.000;18.000
31/3/2008;22:50:00;1.344;0.058;242.330;5.400;0.000;0.000;18.000
31/3/2008;22:51:00;1.344;0.058;242.390;5.400;0.000;0.000;18.000
31/3/2008;22:52:00;1.338;0.058;241.900;5.400;0.000;0.000;18.000
31/3/2008;22:53:00;1.336;0.060;241.630;5.400;0.000;0.000;18.000
31/3/2008;22:54:00;1.400;0.000;241.290;5.800;0.000;0.000;18.000
31/3/2008;22:55:00;1.408;0.000;241.340;5.800;0.000;0.000;18.000
31/3/2008;22:56:00;1.414;0.062;240.730;5.800;0.000;0.000;18.000
31/3/2008;22:57:00;1.434;0.074;240.990;5.800;0.000;0.000;18.000
31/3/2008;22:58:00;1.408;0.000;241.430;5.800;0.000;0.000;17.000
31/3/2008;22:59:00;1.404;0.000;241.340;5.800;0.000;0.000;18.000
31/3/2008;23:00:00;1.410;0.050;242.130;5.800;0.000;0.000;18.000
31/3/2008;23:01:00;1.432;0.068;241.720;5.800;0.000;0.000;18.000
31/3/2008;23:02:00;1.488;0.170;241.880;6.200;0.000;0.000;18.000
31/3/2008;23:03:00;1.486;0.170;241.530;6.200;0.000;1.000;18.000
31/3/2008;23:04:00;1.482;0.172;241.750;6.000;0.000;2.000;18.000
31/3/2008;23:05:00;1.578;0.178;243.130;6.400;0.000;1.000;18.000
31/3/2008;23:06:00;1.558;0.150;242.870;6.400;0.000;2.000;18.000
31/3/2008;23:07:00;1.506;0.068;242.710;6.200;0.000;1.000;18.000
31/3/2008;23:08:00;1.452;0.068;242.820;6.000;0.000;1.000;18.000
31/3/2008;23:09:00;1.426;0.072;242.840;5.800;0.000;2.000;18.000
31/3/2008;23:10:00;1.428;0.072;242.920;5.800;0.000;1.000;18.000
31/3/2008;23:11:00;1.430;0.072;243.240;5.800;0.000;1.000;19.000
31/3/2008;23:12:00;1.422;0.070;242.490;5.800;0.000;2.000;18.000
31/3/2008;23:13:00;1.446;0.086;242.370;6.000;0.000;1.000;18.000
31/3/2008;23:14:00;1.534;0.208;242.590;6.200;0.000;2.000;18.000
31/3/2008;23:15:00;1.530;0.206;242.510;6.200;0.000;1.000;18.000
31/3/2008;23:16:00;1.524;0.206;242.280;6.200;0.000;1.000;18.000
31/3/2008;23:17:00;1.516;0.202;241.540;6.200;0.000;2.000;18.000
31/3/2008;23:18:00;1.518;0.202;241.940;6.200;0.000;1.000;17.000
31/3/2008;23:19:00;1.514;0.202;241.760;6.200;0.000;1.000;18.000
31/3/2008;23:20:00;1.508;0.200;241.440;6.200;0.000;2.000;18.000
31/3/2008;23:21:00;1.512;0.202;241.930;6.200;0.000;1.000;18.000
31/3/2008;23:22:00;1.510;0.202;241.970;6.200;0.000;1.000;18.000
31/3/2008;23:23:00;1.512;0.204;242.280;6.200;0.000;1.000;18.000
31/3/2008;23:24:00;1.514;0.204;242.490;6.200;0.000;2.000;18.000
31/3/2008;23:25:00;1.516;0.208;242.800;6.200;0.000;1.000;18.000
31/3/2008;23:26:00;1.512;0.214;242.850;6.200;0.000;1.000;18.000
31/3/2008;23:27:00;1.512;0.216;243.010;6.200;0.000;1.000;18.000
31/3/2008;23:28:00;1.508;0.214;242.660;6.200;0.000;2.000;19.000
31/3/2008;23:29:00;1.504;0.212;242.380;6.200;0.000;1.000;18.000
31/3/2008;23:30:00;1.496;0.208;241.640;6.200;0.000;1.000;17.000
31/3/2008;23:31:00;1.498;0.210;241.810;6.200;0.000;1.000;18.000
31/3/2008;23:32:00;1.494;0.208;241.520;6.200;0.000;1.000;18.000
31/3/2008;23:33:00;1.426;0.102;242.220;5.800;0.000;2.000;18.000
31/3/2008;23:34:00;1.406;0.074;242.060;5.800;0.000;1.000;18.000
31/3/2008;23:35:00;1.404;0.074;241.890;5.800;0.000;1.000;18.000
31/3/2008;23:36:00;1.404;0.074;242.010;5.800;0.000;1.000;18.000
31/3/2008;23:37:00;1.414;0.078;242.880;5.800;0.000;1.000;18.000
31/3/2008;23:38:00;1.510;0.184;243.100;6.200;0.000;2.000;18.000
31/3/2008;23:39:00;1.496;0.186;243.570;6.200;0.000;1.000;18.000
31/3/2008;23:40:00;1.492;0.182;243.030;6.200;0.000;1.000;19.000
31/3/2008;23:41:00;1.486;0.180;242.640;6.000;0.000;1.000;18.000
31/3/2008;23:42:00;1.482;0.180;242.370;6.000;0.000;1.000;18.000
31/3/2008;23:43:00;1.480;0.180;242.300;6.000;0.000;1.000;18.000
31/3/2008;23:44:00;1.486;0.182;243.010;6.000;0.000;2.000;18.000
31/3/2008;23:45:00;1.484;0.182;243.100;6.000;0.000;1.000;18.000
31/3/2008;23:46:00;1.482;0.180;242.930;6.000;0.000;1.000;18.000
31/3/2008;23:47:00;1.486;0.182;243.200;6.000;0.000;1.000;18.000
31/3/2008;23:48:00;1.462;0.140;243.100;6.000;0.000;1.000;18.000
31/3/2008;23:49:00;1.408;0.056;242.500;5.800;0.000;0.000;18.000
31/3/2008;23:50:00;1.346;0.000;242.760;5.400;0.000;0.000;18.000
31/3/2008;23:51:00;1.346;0.046;243.060;5.400;0.000;0.000;18.000
31/3/2008;23:52:00;1.344;0.046;242.830;5.400;0.000;0.000;18.000
31/3/2008;23:53:00;1.344;0.046;242.800;5.400;0.000;0.000;18.000
31/3/2008;23:54:00;1.342;0.046;242.600;5.400;0.000;0.000;18.000
31/3/2008;23:55:00;1.344;0.046;242.830;5.400;0.000;0.000;19.000
31/3/2008;23:56:00;1.346;0.000;243.000;5.400;0.000;0.000;18.000
31/3/2008;23:57:00;1.350;0.000;243.420;5.400;0.000;0.000;18.000
31/3/2008;23:58:00;1.352;0.000;243.490;5.400;0.000;0.000;18.000
31/3/2008;23:59:00;1.356;0.000;243.940;5.400;0.000;0.000;18.000
1/4/2008;00:00:00;1.356;0.000;243.870;5.400;0.000;0.000;18.000
1/4/2008;00:01:00;1.352;0.000;243.440;5.400;0.000;0.000;19.000
1/4/2008;00:02:00;1.350;0.000;243.350;5.400;0.000;0.000;18.000
1/4/2008;00:03:00;1.354;0.000;243.730;5.400;0.000;0.000;18.000
1/4/2008;00:04:00;1.354;0.000;243.670;5.400;0.000;0.000;18.000
1/4/2008;00:05:00;1.346;0.000;242.910;5.400;0.000;0.000;18.000
1/4/2008;00:06:00;1.344;0.000;242.760;5.400;0.000;0.000;18.000
1/4/2008;00:07:00;1.384;0.000;243.150;5.600;0.000;0.000;18.000
1/4/2008;00:08:00;1.460;0.094;243.320;6.000;0.000;0.000;19.000
1/4/2008;00:09:00;1.450;0.090;242.600;6.000;0.000;0.000;18.000
1/4/2008;00:10:00;1.436;0.086;241.490;5.800;0.000;0.000;18.000
1/4/2008;00:11:00;1.434;0.084;241.370;5.800;0.000;0.000;17.000
1/4/2008;00:12:00;1.436;0.086;241.740;5.800;0.000;0.000;18.000
1/4/2008;00:13:00;1.438;0.086;241.920;5.800;0.000;0.000;18.000
1/4/2008;00:14:00;1.438;0.088;242.090;5.800;0.000;0.000;18.000
1/4/2008;00:15:00;1.448;0.090;242.990;5.800;0.000;0.000;18.000
1/4/2008;00:16:00;1.452;0.094;243.580;5.800;0.000;0.000;18.000
1/4/2008;00:17:00;1.450;0.092;243.440;5.800;0.000;0.000;19.000
1/4/2008;00:18:00;1.456;0.094;244.080;5.800;0.000;0.000;18.000
1/4/2008;00:19:00;1.454;0.094;244.050;5.800;0.000;0.000;18.000
1/4/2008;00:20:00;1.454;0.094;244.030;5.800;0.000;0.000;18.000
1/4/2008;00:21:00;1.500;0.140;243.830;6.200;0.000;0.000;19.000
1/4/2008;00:22:00;1.530;0.200;244.060;6.200;0.000;0.000;18.000
1/4/2008;00:23:00;1.526;0.200;243.870;6.200;0.000;0.000;18.000
1/4/2008;00:24:00;1.528;0.200;243.940;6.200;0.000;0.000;18.000
1/4/2008;00:25:00;1.534;0.202;244.610;6.200;0.000;0.000;19.000
1/4/2008;00:26:00;1.512;0.176;244.430;6.200;0.000;0.000;18.000
1/4/2008;00:27:00;1.432;0.062;244.270;5.800;0.000;0.000;18.000
1/4/2008;00:28:00;1.434;0.064;244.650;5.800;0.000;0.000;19.000
1/4/2008;00:29:00;1.440;0.066;245.150;5.800;0.000;0.000;18.000
1/4/2008;00:30:00;1.434;0.064;244.670;5.800;0.000;0.000;18.000
1/4/2008;00:31:00;1.430;0.064;244.450;5.800;0.000;0.000;19.000
1/4/2008;00:32:00;1.434;0.064;244.830;5.800;0.000;0.000;18.000
1/4/2008;00:33:00;1.392;0.000;244.860;5.600;0.000;0.000;18.000
1/4/2008;00:34:00;1.370;0.000;245.130;5.600;0.000;0.000;19.000
1/4/2008;00:35:00;1.358;0.000;244.150;5.400;0.000;0.000;18.000
1/4/2008;00:36:00;1.354;0.000;243.770;5.400;0.000;0.000;18.000
1/4/2008;00:37:00;1.346;0.046;242.910;5.400;0.000;0.000;18.000
1/4/2008;00:38:00;1.342;0.048;242.470;5.400;0.000;0.000;18.000
1/4/2008;00:39:00;1.344;0.048;242.690;5.400;0.000;0.000;18.000
1/4/2008;00:40:00;1.346;0.046;242.870;5.400;0.000;0.000;18.000
1/4/2008;00:41:00;1.346;0.046;242.980;5.400;0.000;0.000;19.000
1/4/2008;00:42:00;1.348;0.046;243.060;5.400;0.000;0.000;18.000
1/4/2008;00:43:00;1.346;0.046;242.890;5.400;0.000;0.000;18.000
1/4/2008;00:44:00;1.346;0.046;242.970;5.400;0.000;0.000;18.000
1/4/2008;00:45:00;1.346;0.046;243.030;5.400;0.000;0.000;18.000
1/4/2008;00:46:00;1.344;0.046;242.780;5.400;0.000;0.000;18.000
1/4/2008;00:47:00;1.342;0.046;242.620;5.400;0.000;0.000;18.000
1/4/2008;00:48:00;1.344;0.046;242.650;5.400;0.000;0.000;18.000
1/4/2008;00:49:00;1.346;0.046;243.020;5.400;0.000;0.000;18.000
1/4/2008;00:50:00;1.344;0.048;242.990;5.400;0.000;0.000;18.000
1/4/2008;00:51:00;1.346;0.046;243.090;5.400;0.000;0.000;18.000
1/4/2008;00:52:00;1.344;0.046;242.900;5.400;0.000;0.000;19.000
1/4/2008;00:53:00;1.338;0.048;242.340;5.400;0.000;0.000;18.000
1/4/2008;00:54:00;1.334;0.050;241.940;5.400;0.000;0.000;17.000
1/4/2008;00:55:00;1.338;0.048;242.400;5.400;0.000;0.000;18.000
1/4/2008;00:56:00;1.342;0.046;242.780;5.400;0.000;0.000;19.000
1/4/2008;00:57:00;1.346;0.046;243.050;5.400;0.000;0.000;18.000
1/4/2008;00:58:00;1.344;0.046;242.860;5.400;0.000;0.000;18.000
1/4/2008;00:59:00;1.350;0.000;243.310;5.400;0.000;0.000;18.000
1/4/2008;01:00:00;1.348;0.000;243.060;5.400;0.000;0.000;18.000
1/4/2008;01:01:00;1.360;0.000;242.750;5.600;0.000;0.000;18.000
1/4/2008;01:02:00;1.472;0.090;243.010;6.000;0.000;0.000;18.000
1/4/2008;01:03:00;1.464;0.090;242.920;6.000;0.000;0.000;18.000
1/4/2008;01:04:00;1.460;0.090;242.770;6.000;0.000;0.000;18.000
1/4/2008;01:05:00;1.492;0.114;242.430;6.200;0.000;0.000;18.000
1/4/2008;01:06:00;1.534;0.194;242.730;6.200;0.000;0.000;18.000
1/4/2008;01:07:00;1.528;0.192;242.470;6.200;0.000;0.000;18.000
1/4/2008;01:08:00;1.528;0.192;242.630;6.200;0.000;0.000;18.000
1/4/2008;01:09:00;1.532;0.194;243.060;6.200;0.000;0.000;19.000
1/4/2008;01:10:00;1.532;0.196;243.210;6.200;0.000;0.000;18.000
1/4/2008;01:11:00;1.526;0.194;243.050;6.200;0.000;0.000;18.000
1/4/2008;01:12:00;1.524;0.194;242.740;6.200;0.000;0.000;18.000
1/4/2008;01:13:00;1.522;0.194;242.820;6.200;0.000;0.000;18.000
1/4/2008;01:14:00;1.528;0.198;243.700;6.200;0.000;0.000;18.000
1/4/2008;01:15:00;1.536;0.202;244.520;6.200;0.000;0.000;18.000
1/4/2008;01:16:00;1.530;0.200;244.020;6.200;0.000;0.000;19.000
1/4/2008;01:17:00;1.464;0.106;243.410;6.000;0.000;0.000;18.000
1/4/2008;01:18:00;1.448;0.088;242.890;5.800;0.000;0.000;18.000
1/4/2008;01:19:00;1.446;0.088;242.840;5.800;0.000;0.000;18.000
1/4/2008;01:20:00;1.412;0.000;242.350;5.800;0.000;0.000;18.000
1/4/2008;01:21:00;1.354;0.046;242.840;5.600;0.000;0.000;18.000
1/4/2008;01:22:00;1.356;0.046;243.080;5.600;0.000;0.000;18.000
1/4/2008;01:23:00;1.352;0.048;242.770;5.400;0.000;0.000;18.000
1/4/2008;01:24:00;1.122;0.046;243.020;5.000;0.000;0.000;16.000
1/4/2008;01:25:00;0.266;0.000;244.310;1.000;0.000;0.000;0.000
1/4/2008;01:26:00;0.266;0.000;244.280;1.000;0.000;0.000;0.000
1/4/2008;01:27:00;0.266;0.000;243.630;1.000;0.000;0.000;0.000
1/4/2008;01:28:00;0.264;0.000;243.050;1.000;0.000;0.000;0.000
1/4/2008;01:29:00;0.266;0.000;243.280;1.000;0.000;0.000;0.000
1/4/2008;01:30:00;0.264;0.000;243.080;1.000;0.000;0.000;0.000
1/4/2008;01:31:00;0.264;0.000;242.680;1.000;0.000;0.000;0.000
1/4/2008;01:32:00;0.264;0.000;242.340;1.000;0.000;0.000;0.000
1/4/2008;01:33:00;0.262;0.000;242.240;1.000;0.000;0.000;0.000
1/4/2008;01:34:00;0.262;0.000;242.180;1.000;0.000;0.000;0.000
1/4/2008;01:35:00;0.262;0.000;242.130;1.000;0.000;0.000;0.000
1/4/2008;01:36:00;0.262;0.000;242.120;1.000;0.000;0.000;0.000
1/4/2008;01:37:00;0.262;0.000;242.370;1.000;0.000;0.000;0.000
1/4/2008;01:38:00;0.266;0.000;243.440;1.000;0.000;0.000;0.000
1/4/2008;01:39:00;0.266;0.000;243.530;1.000;0.000;0.000;0.000
1/4/2008;01:40:00;0.264;0.000;243.570;1.000;0.000;0.000;0.000
1/4/2008;01:41:00;0.264;0.000;243.510;1.000;0.000;0.000;0.000
1/4/2008;01:42:00;0.264;0.000;243.100;1.000;0.000;0.000;0.000
1/4/2008;01:43:00;0.266;0.000;243.590;1.000;0.000;0.000;0.000
1/4/2008;01:44:00;0.266;0.000;243.730;1.000;0.000;0.000;0.000
1/4/2008;01:45:00;0.266;0.000;243.730;1.000;0.000;0.000;0.000
1/4/2008;01:46:00;0.264;0.000;243.430;1.000;0.000;0.000;0.000
1/4/2008;01:47:00;0.264;0.000;243.210;1.000;0.000;0.000;0.000
1/4/2008;01:48:00;0.264;0.000;242.990;1.000;0.000;0.000;0.000
1/4/2008;01:49:00;0.264;0.000;243.070;1.000;0.000;0.000;0.000
1/4/2008;01:50:00;0.318;0.000;242.730;1.400;0.000;0.000;0.000
1/4/2008;01:51:00;0.342;0.068;243.220;1.400;0.000;0.000;0.000
1/4/2008;01:52:00;0.342;0.068;243.070;1.400;0.000;0.000;0.000
1/4/2008;01:53:00;0.340;0.066;242.340;1.400;0.000;0.000;0.000
1/4/2008;01:54:00;0.340;0.064;242.120;1.400;0.000;0.000;0.000
1/4/2008;01:55:00;0.338;0.066;242.700;1.400;0.000;0.000;0.000
1/4/2008;01:56:00;0.452;0.190;242.070;2.000;0.000;0.000;0.000
1/4/2008;01:57:00;0.446;0.200;241.830;2.000;0.000;0.000;0.000
1/4/2008;01:58:00;0.446;0.208;243.440;2.000;0.000;0.000;0.000
1/4/2008;01:59:00;0.446;0.212;244.300;2.000;0.000;0.000;0.000
1/4/2008;02:00:00;0.440;0.206;244.120;2.000;0.000;0.000;0.000
1/4/2008;02:01:00;0.372;0.104;243.930;1.600;0.000;0.000;0.000
1/4/2008;02:02:00;0.370;0.104;244.200;1.600;0.000;0.000;0.000
1/4/2008;02:03:00;0.370;0.108;244.780;1.600;0.000;0.000;0.000
1/4/2008;02:04:00;0.370;0.106;244.460;1.600;0.000;0.000;0.000
1/4/2008;02:05:00;0.368;0.106;244.210;1.600;0.000;0.000;0.000
1/4/2008;02:06:00;0.366;0.104;244.110;1.600;0.000;0.000;0.000
1/4/2008;02:07:00;0.366;0.106;244.200;1.600;0.000;0.000;0.000
1/4/2008;02:08:00;0.364;0.104;243.960;1.600;0.000;0.000;0.000
1/4/2008;02:09:00;0.362;0.102;243.420;1.600;0.000;0.000;0.000
1/4/2008;02:10:00;0.362;0.104;243.630;1.600;0.000;0.000;0.000
1/4/2008;02:11:00;0.364;0.108;244.810;1.600;0.000;0.000;0.000
1/4/2008;02:12:00;0.364;0.108;244.710;1.600;0.000;0.000;0.000
1/4/2008;02:13:00;0.364;0.108;244.890;1.600;0.000;0.000;0.000
1/4/2008;02:14:00;0.314;0.000;244.900;1.400;0.000;0.000;0.000
1/4/2008;02:15:00;0.266;0.000;244.510;1.000;0.000;0.000;0.000
1/4/2008;02:16:00;0.270;0.000;245.770;1.000;0.000;0.000;0.000
1/4/2008;02:17:00;0.268;0.000;245.700;1.000;0.000;0.000;0.000
1/4/2008;02:18:00;0.270;0.000;245.910;1.000;0.000;0.000;0.000
1/4/2008;02:19:00;0.268;0.000;245.190;1.000;0.000;0.000;0.000
1/4/2008;02:20:00;0.268;0.000;244.870;1.000;0.000;0.000;0.000
1/4/2008;02:21:00;0.268;0.000;244.870;1.000;0.000;0.000;0.000
1/4/2008;02:22:00;0.268;0.000;244.710;1.000;0.000;0.000;0.000
1/4/2008;02:23:00;0.266;0.000;244.180;1.000;0.000;0.000;0.000
1/4/2008;02:24:00;0.266;0.000;243.910;1.000;0.000;0.000;0.000
1/4/2008;02:25:00;0.266;0.000;244.030;1.000;0.000;0.000;0.000
1/4/2008;02:26:00;0.266;0.000;243.800;1.000;0.000;0.000;0.000
1/4/2008;02:27:00;0.266;0.000;244.170;1.000;0.000;0.000;0.000
1/4/2008;02:28:00;0.266;0.000;244.380;1.000;0.000;0.000;0.000
1/4/2008;02:29:00;0.270;0.000;246.170;1.000;0.000;0.000;0.000
1/4/2008;02:30:00;0.272;0.000;246.980;1.000;0.000;0.000;0.000
1/4/2008;02:31:00;0.272;0.000;246.920;1.000;0.000;0.000;0.000
1/4/2008;02:32:00;0.270;0.000;247.060;1.000;0.000;0.000;0.000
1/4/2008;02:33:00;0.290;0.000;246.780;1.400;0.000;0.000;0.000
1/4/2008;02:34:00;0.348;0.080;246.550;1.400;0.000;0.000;0.000
1/4/2008;02:35:00;0.348;0.082;247.160;1.400;0.000;0.000;0.000
1/4/2008;02:36:00;0.348;0.082;247.080;1.400;0.000;0.000;0.000
1/4/2008;02:37:00;0.346;0.080;246.600;1.400;0.000;0.000;0.000
1/4/2008;02:38:00;0.346;0.078;246.190;1.400;0.000;0.000;0.000
1/4/2008;02:39:00;0.344;0.078;245.970;1.400;0.000;0.000;0.000
1/4/2008;02:40:00;0.342;0.078;246.100;1.400;0.000;0.000;0.000
1/4/2008;02:41:00;0.340;0.078;245.970;1.400;0.000;0.000;0.000
1/4/2008;02:42:00;0.340;0.078;245.900;1.400;0.000;0.000;0.000
1/4/2008;02:43:00;0.340;0.080;246.210;1.400;0.000;0.000;0.000
1/4/2008;02:44:00;0.274;0.000;246.900;1.200;0.000;0.000;0.000
1/4/2008;02:45:00;0.272;0.000;247.050;1.000;0.000;0.000;0.000
1/4/2008;02:46:00;0.272;0.000;247.400;1.000;0.000;0.000;0.000
1/4/2008;02:47:00;0.270;0.000;247.070;1.000;0.000;0.000;0.000
1/4/2008;02:48:00;0.270;0.000;247.200;1.000;0.000;0.000;0.000
1/4/2008;02:49:00;0.296;0.000;246.800;1.400;0.000;0.000;0.000
1/4/2008;02:50:00;0.440;0.196;246.390;2.000;0.000;0.000;0.000
1/4/2008;02:51:00;0.468;0.244;246.650;2.000;0.000;2.000;0.000
1/4/2008;02:52:00;0.462;0.244;246.800;2.000;0.000;1.000;0.000
1/4/2008;02:53:00;0.462;0.246;247.020;2.000;0.000;1.000;0.000
1/4/2008;02:54:00;0.462;0.250;247.660;2.000;0.000;2.000;0.000
1/4/2008;02:55:00;0.462;0.250;247.670;2.000;0.000;1.000;0.000
1/4/2008;02:56:00;0.458;0.246;247.070;2.000;0.000;2.000;0.000
1/4/2008;02:57:00;0.458;0.248;247.110;2.000;0.000;1.000;0.000
1/4/2008;02:58:00;0.454;0.242;246.390;2.000;0.000;1.000;0.000
1/4/2008;02:59:00;0.452;0.238;245.620;2.000;0.000;2.000;0.000
1/4/2008;03:00:00;0.452;0.234;244.900;2.000;0.000;1.000;0.000
1/4/2008;03:01:00;0.452;0.242;246.330;2.000;0.000;2.000;0.000
1/4/2008;03:02:00;0.452;0.244;246.690;2.000;0.000;1.000;0.000
1/4/2008;03:03:00;0.450;0.242;246.600;2.000;0.000;1.000;0.000
1/4/2008;03:04:00;0.448;0.238;245.770;2.000;0.000;2.000;0.000
1/4/2008;03:05:00;0.446;0.236;245.520;2.000;0.000;1.000;0.000
1/4/2008;03:06:00;0.444;0.238;245.670;2.000;0.000;1.000;0.000
1/4/2008;03:07:00;0.446;0.238;245.860;2.000;0.000;2.000;0.000
1/4/2008;03:08:00;0.390;0.162;246.530;1.600;0.000;1.000;0.000
1/4/2008;03:09:00;0.348;0.098;246.610;1.400;0.000;1.000;0.000
1/4/2008;03:10:00;0.346;0.098;246.410;1.400;0.000;2.000;0.000
1/4/2008;03:11:00;0.346;0.098;246.270;1.400;0.000;1.000;0.000
1/4/2008;03:12:00;0.338;0.096;245.440;1.400;0.000;1.000;0.000
1/4/2008;03:13:00;0.306;0.102;244.790;1.200;0.000;2.000;0.000
1/4/2008;03:14:00;0.308;0.104;245.310;1.200;0.000;1.000;0.000
1/4/2008;03:15:00;0.306;0.104;245.330;1.200;0.000;1.000;0.000
1/4/2008;03:16:00;0.306;0.102;244.710;1.200;0.000;1.000;0.000
1/4/2008;03:17:00;0.324;0.110;245.500;1.400;0.000;1.000;0.000
1/4/2008;03:18:00;0.420;0.216;246.430;2.000;0.000;2.000;0.000
1/4/2008;03:19:00;0.822;0.206;245.660;3.400;0.000;1.000;0.000
1/4/2008;03:20:00;0.474;0.216;246.450;2.200;0.000;1.000;0.000
1/4/2008;03:21:00;0.386;0.220;247.070;1.800;0.000;1.000;0.000
1/4/2008;03:22:00;0.384;0.220;247.090;1.800;0.000;2.000;0.000
1/4/2008;03:23:00;0.380;0.216;246.290;1.800;0.000;1.000;0.000
1/4/2008;03:24:00;0.378;0.214;246.060;1.800;0.000;1.000;0.000
1/4/2008;03:25:00;0.378;0.218;246.650;1.800;0.000;1.000;0.000
1/4/2008;03:26:00;0.378;0.218;246.710;1.800;0.000;1.000;0.000
1/4/2008;03:27:00;0.376;0.216;246.200;1.800;0.000;2.000;0.000
1/4/2008;03:28:00;0.306;0.110;246.110;1.200;0.000;1.000;0.000
1/4/2008;03:29:00;0.304;0.106;246.140;1.200;0.000;1.000;0.000
1/4/2008;03:30:00;0.304;0.104;245.410;1.200;0.000;1.000;0.000
1/4/2008;03:31:00;0.302;0.102;245.240;1.200;0.000;1.000;0.000
1/4/2008;03:32:00;0.284;0.070;244.850;1.200;0.000;1.000;0.000
1/4/2008;03:33:00;0.232;0.000;245.320;1.000;0.000;0.000;0.000
1/4/2008;03:34:00;0.232;0.000;245.060;1.000;0.000;0.000;0.000
1/4/2008;03:35:00;0.232;0.000;245.790;1.000;0.000;0.000;0.000
1/4/2008;03:36:00;0.234;0.000;246.270;1.000;0.000;0.000;0.000
1/4/2008;03:37:00;0.232;0.000;245.310;1.000;0.000;0.000;0.000
1/4/2008;03:38:00;0.232;0.000;244.950;1.000;0.000;0.000;0.000
1/4/2008;03:39:00;0.232;0.000;244.930;1.000;0.000;0.000;0.000
1/4/2008;03:40:00;0.232;0.000;245.420;1.000;0.000;0.000;0.000
1/4/2008;03:41:00;0.232;0.000;245.280;1.000;0.000;0.000;0.000
1/4/2008;03:42:00;0.232;0.000;245.190;1.000;0.000;0.000;0.000
1/4/2008;03:43:00;0.232;0.000;244.770;1.000;0.000;0.000;0.000
1/4/2008;03:44:00;0.290;0.000;244.680;1.400;0.000;0.000;0.000
1/4/2008;03:45:00;0.344;0.112;244.490;1.400;0.000;0.000;0.000
1/4/2008;03:46:00;0.340;0.112;244.440;1.400;0.000;0.000;0.000
1/4/2008;03:47:00;0.340;0.116;245.040;1.400;0.000;0.000;0.000
1/4/2008;03:48:00;0.340;0.116;245.100;1.400;0.000;0.000;0.000
1/4/2008;03:49:00;0.338;0.116;245.180;1.400;0.000;0.000;0.000
1/4/2008;03:50:00;0.338;0.118;245.530;1.400;0.000;0.000;0.000
1/4/2008;03:51:00;0.338;0.118;245.840;1.400;0.000;0.000;0.000
1/4/2008;03:52:00;0.338;0.120;246.300;1.400;0.000;0.000;0.000
1/4/2008;03:53:00;0.336;0.122;246.350;1.400;0.000;0.000;0.000
1/4/2008;03:54:00;0.336;0.120;246.140;1.400;0.000;0.000;0.000
1/4/2008;03:55:00;0.334;0.120;246.310;1.400;0.000;0.000;0.000
1/4/2008;03:56:00;0.334;0.122;246.410;1.400;0.000;0.000;0.000
1/4/2008;03:57:00;0.332;0.120;246.120;1.400;0.000;0.000;0.000
1/4/2008;03:58:00;0.330;0.116;245.340;1.400;0.000;0.000;0.000
1/4/2008;03:59:00;0.328;0.112;244.410;1.400;0.000;0.000;0.000
1/4/2008;04:00:00;0.328;0.114;244.690;1.400;0.000;0.000;0.000
1/4/2008;04:01:00;0.330;0.118;245.500;1.400;0.000;0.000;0.000
1/4/2008;04:02:00;0.312;0.066;245.470;1.400;0.000;0.000;0.000
1/4/2008;04:03:00;0.310;0.084;244.900;1.200;0.000;0.000;0.000
1/4/2008;04:04:00;0.310;0.080;244.370;1.200;0.000;0.000;0.000
1/4/2008;04:05:00;0.310;0.082;244.520;1.200;0.000;0.000;0.000
1/4/2008;04:06:00;0.308;0.078;243.510;1.200;0.000;0.000;0.000
1/4/2008;04:07:00;0.306;0.078;243.430;1.200;0.000;0.000;0.000
1/4/2008;04:08:00;0.306;0.082;244.410;1.200;0.000;0.000;0.000
1/4/2008;04:09:00;0.304;0.082;244.640;1.200;0.000;0.000;0.000
1/4/2008;04:10:00;0.304;0.084;245.080;1.200;0.000;0.000;0.000
1/4/2008;04:11:00;0.304;0.084;245.350;1.200;0.000;0.000;0.000
1/4/2008;04:12:00;0.284;0.054;245.800;1.200;0.000;0.000;0.000
1/4/2008;04:13:00;0.232;0.000;245.260;1.000;0.000;0.000;0.000
1/4/2008;04:14:00;0.232;0.000;245.120;1.000;0.000;0.000;0.000
1/4/2008;04:15:00;0.232;0.000;245.020;1.000;0.000;0.000;0.000
1/4/2008;04:16:00;0.232;0.000;244.890;1.000;0.000;0.000;0.000
1/4/2008;04:17:00;0.232;0.000;244.480;1.000;0.000;0.000;0.000
1/4/2008;04:18:00;0.232;0.000;244.650;1.000;0.000;0.000;0.000
1/4/2008;04:19:00;0.232;0.000;244.340;1.000;0.000;0.000;0.000
1/4/2008;04:20:00;0.232;0.000;244.460;1.000;0.000;0.000;0.000
1/4/2008;04:21:00;0.232;0.000;244.880;1.000;0.000;0.000;0.000
1/4/2008;04:22:00;0.234;0.000;245.410;1.000;0.000;0.000;0.000
1/4/2008;04:23:00;0.240;0.000;245.540;1.000;0.000;0.000;0.000
1/4/2008;04:24:00;0.256;0.000;245.670;1.000;0.000;0.000;0.000
1/4/2008;04:25:00;0.256;0.000;246.000;1.000;0.000;0.000;0.000
1/4/2008;04:26:00;0.234;0.000;246.060;1.000;0.000;0.000;0.000
1/4/2008;04:27:00;0.234;0.000;245.580;1.000;0.000;0.000;0.000
1/4/2008;04:28:00;0.234;0.000;245.790;1.000;0.000;0.000;0.000
1/4/2008;04:29:00;0.234;0.000;245.660;1.000;0.000;0.000;0.000
1/4/2008;04:30:00;0.234;0.000;245.820;1.000;0.000;0.000;0.000
1/4/2008;04:31:00;0.232;0.000;245.590;1.000;0.000;0.000;0.000
1/4/2008;04:32:00;0.232;0.000;245.540;1.000;0.000;0.000;0.000
1/4/2008;04:33:00;0.232;0.000;245.300;1.000;0.000;0.000;0.000
1/4/2008;04:34:00;0.232;0.000;245.350;1.000;0.000;0.000;0.000
1/4/2008;04:35:00;0.234;0.000;245.950;1.000;0.000;0.000;0.000
1/4/2008;04:36:00;0.232;0.000;245.740;1.000;0.000;0.000;0.000
1/4/2008;04:37:00;0.232;0.000;245.340;1.000;0.000;0.000;0.000
1/4/2008;04:38:00;0.232;0.000;244.810;1.000;0.000;0.000;0.000
1/4/2008;04:39:00;0.354;0.110;244.220;1.600;0.000;0.000;0.000
1/4/2008;04:40:00;0.342;0.114;244.540;1.400;0.000;0.000;0.000
1/4/2008;04:41:00;0.340;0.116;244.850;1.400;0.000;0.000;0.000
1/4/2008;04:42:00;0.338;0.112;244.520;1.400;0.000;0.000;0.000
1/4/2008;04:43:00;0.338;0.116;245.020;1.400;0.000;0.000;0.000
1/4/2008;04:44:00;0.340;0.120;246.120;1.400;0.000;0.000;0.000
1/4/2008;04:45:00;0.338;0.118;245.740;1.400;0.000;0.000;0.000
1/4/2008;04:46:00;0.336;0.116;245.220;1.400;0.000;0.000;0.000
1/4/2008;04:47:00;0.368;0.138;244.510;1.600;0.000;0.000;0.000
1/4/2008;04:48:00;0.410;0.220;244.390;1.800;0.000;0.000;0.000
1/4/2008;04:49:00;0.408;0.220;244.320;1.800;0.000;0.000;0.000
1/4/2008;04:50:00;0.408;0.220;244.550;1.800;0.000;0.000;0.000
1/4/2008;04:51:00;0.406;0.222;244.630;1.800;0.000;0.000;0.000
1/4/2008;04:52:00;0.404;0.220;244.490;1.800;0.000;0.000;0.000
1/4/2008;04:53:00;0.402;0.220;244.410;1.800;0.000;0.000;0.000
1/4/2008;04:54:00;0.400;0.222;244.770;1.800;0.000;0.000;0.000
1/4/2008;04:55:00;0.400;0.222;244.820;1.800;0.000;0.000;0.000
1/4/2008;04:56:00;0.370;0.178;244.650;1.600;0.000;0.000;0.000
1/4/2008;04:57:00;0.284;0.052;245.390;1.200;0.000;0.000;0.000
1/4/2008;04:58:00;0.234;0.000;245.700;1.000;0.000;0.000;0.000
1/4/2008;04:59:00;0.234;0.000;245.690;1.000;0.000;0.000;0.000
1/4/2008;05:00:00;0.234;0.000;245.920;1.000;0.000;0.000;0.000
1/4/2008;05:01:00;0.234;0.000;245.850;1.000;0.000;0.000;0.000
1/4/2008;05:02:00;0.234;0.000;245.840;1.000;0.000;0.000;0.000
1/4/2008;05:03:00;0.234;0.000;245.760;1.000;0.000;0.000;0.000
1/4/2008;05:04:00;0.232;0.000;245.310;1.000;0.000;0.000;0.000
1/4/2008;05:05:00;0.232;0.000;245.220;1.000;0.000;0.000;0.000
1/4/2008;05:06:00;0.232;0.000;244.890;1.000;0.000;0.000;0.000
1/4/2008;05:07:00;0.230;0.000;244.320;1.000;0.000;0.000;0.000
1/4/2008;05:08:00;0.228;0.000;243.310;1.000;0.000;0.000;0.000
1/4/2008;05:09:00;0.230;0.000;243.620;1.000;0.000;0.000;0.000
1/4/2008;05:10:00;0.230;0.000;243.930;1.000;0.000;0.000;0.000
1/4/2008;05:11:00;0.230;0.000;244.050;1.000;0.000;0.000;0.000
1/4/2008;05:12:00;0.230;0.000;243.790;1.000;0.000;0.000;0.000
1/4/2008;05:13:00;0.230;0.000;243.670;1.000;0.000;0.000;0.000
1/4/2008;05:14:00;0.230;0.000;243.910;1.000;0.000;0.000;0.000
1/4/2008;05:15:00;0.232;0.000;244.750;1.000;0.000;0.000;0.000
1/4/2008;05:16:00;0.232;0.000;245.160;1.000;0.000;0.000;0.000
1/4/2008;05:17:00;0.232;0.000;245.710;1.000;0.000;0.000;0.000
1/4/2008;05:18:00;0.232;0.000;245.770;1.000;0.000;0.000;0.000
1/4/2008;05:19:00;0.232;0.000;245.350;1.000;0.000;0.000;0.000
1/4/2008;05:20:00;0.232;0.000;244.990;1.000;0.000;0.000;0.000
1/4/2008;05:21:00;0.232;0.000;245.250;1.000;0.000;0.000;0.000
1/4/2008;05:22:00;0.232;0.000;245.560;1.000;0.000;0.000;0.000
1/4/2008;05:23:00;0.232;0.000;245.370;1.000;0.000;0.000;0.000
1/4/2008;05:24:00;0.232;0.000;244.600;1.000;0.000;0.000;0.000
1/4/2008;05:25:00;0.230;0.000;243.660;1.000;0.000;0.000;0.000
1/4/2008;05:26:00;0.228;0.000;242.920;1.000;0.000;0.000;0.000
1/4/2008;05:27:00;0.228;0.000;242.520;1.000;0.000;0.000;0.000
1/4/2008;05:28:00;0.228;0.000;242.590;1.000;0.000;0.000;0.000
1/4/2008;05:29:00;0.228;0.000;243.280;1.000;0.000;0.000;0.000
1/4/2008;05:30:00;0.230;0.000;243.840;1.000;0.000;0.000;0.000
1/4/2008;05:31:00;0.232;0.000;244.660;1.000;0.000;0.000;0.000
1/4/2008;05:32:00;0.248;0.000;244.320;1.200;0.000;0.000;0.000
1/4/2008;05:33:00;0.366;0.136;243.990;1.600;0.000;0.000;0.000
1/4/2008;05:34:00;0.420;0.222;244.660;1.800;0.000;0.000;0.000
1/4/2008;05:35:00;0.420;0.224;245.230;1.800;0.000;0.000;0.000
1/4/2008;05:36:00;0.420;0.226;245.800;1.800;0.000;0.000;0.000
1/4/2008;05:37:00;0.416;0.226;245.750;1.800;0.000;0.000;0.000
1/4/2008;05:38:00;0.412;0.222;245.110;1.800;0.000;0.000;0.000
1/4/2008;05:39:00;0.410;0.222;244.950;1.800;0.000;0.000;0.000
1/4/2008;05:40:00;0.406;0.220;244.420;1.800;0.000;0.000;0.000
1/4/2008;05:41:00;0.402;0.214;243.040;1.800;0.000;0.000;0.000
1/4/2008;05:42:00;0.362;0.158;242.920;1.600;0.000;0.000;0.000
1/4/2008;05:43:00;0.328;0.108;242.860;1.400;0.000;0.000;0.000
1/4/2008;05:44:00;0.328;0.108;243.220;1.400;0.000;0.000;0.000
1/4/2008;05:45:00;0.328;0.112;243.870;1.400;0.000;0.000;0.000
1/4/2008;05:46:00;0.330;0.112;244.270;1.400;0.000;0.000;0.000
1/4/2008;05:47:00;0.332;0.118;245.650;1.400;0.000;0.000;0.000
1/4/2008;05:48:00;0.330;0.118;245.570;1.400;0.000;0.000;0.000
1/4/2008;05:49:00;0.330;0.116;245.190;1.400;0.000;0.000;0.000
1/4/2008;05:50:00;0.330;0.120;246.150;1.400;0.000;0.000;0.000
1/4/2008;05:51:00;0.250;0.000;246.710;1.000;0.000;0.000;0.000
1/4/2008;05:52:00;0.236;0.000;247.070;1.000;0.000;0.000;0.000
1/4/2008;05:53:00;0.236;0.000;246.820;1.000;0.000;0.000;0.000
1/4/2008;05:54:00;0.234;0.000;246.290;1.000;0.000;0.000;0.000
1/4/2008;05:55:00;0.236;0.000;246.800;1.000;0.000;0.000;0.000
1/4/2008;05:56:00;0.236;0.000;246.810;1.000;0.000;0.000;0.000
1/4/2008;05:57:00;0.238;0.000;245.830;1.000;0.000;0.000;0.000
1/4/2008;05:58:00;0.240;0.000;244.600;1.000;0.000;0.000;0.000
1/4/2008;05:59:00;0.238;0.000;243.760;1.000;0.000;0.000;0.000
1/4/2008;06:00:00;0.236;0.000;243.770;1.000;0.000;0.000;0.000
1/4/2008;06:01:00;0.236;0.000;243.540;1.000;0.000;0.000;0.000
1/4/2008;06:02:00;0.236;0.000;243.210;1.000;0.000;0.000;0.000
1/4/2008;06:03:00;0.236;0.000;243.680;1.000;0.000;0.000;0.000
